jobTitle,location
Data Scientist Operation Research,Schiphol
Junior Data Scientist,Nederland
Research Analyst,Amsterdam
Data Scientist,Amsterdam
Internship Machine Learning,Zaandam
Data Scientist,Utrecht Binnenstad
Junior / Semi Senior Data Scientist,Nederland
Data Scientist (Mediorfunctie),Utrecht
Data Science Programmer (WO),Utrecht
Crafthunter - Data Science Traineeship,Nederland
Data Scientist,Nederland
Data Scientist,Nederland
Data Scientist,Nederland
"Stratos Staboulis, Data Scientist",Nederland
Data Scientist Albert Heijn Datakitchen,Zaandam
Junior Data Scientist,Amstelveen
Data Scientist,Hilversum
Data Scientist,Zwolle
Junior Data Scientist,Utrecht
Asset Data Scientist Infostroom,Arnhem
Junior Data Scientist,Amsterdam Zuid
Junior Data Scientist,Rotterdam
Junior Data Scientist,Amsterdam
Junior Data Scientist,Zoetermeer
Forensisch data scientist,Den Haag Leidschenveen-Ypenburg
Data Scientist,Tilburg
Junior/Medior Data Scientist,Utrecht
Data Science Programmer,Utrecht
Data Scientist - Machine Learning,Amsterdam
Data Science & Solutions (DS²),Nederland
Data Science (traineeship),Utrecht
Data Scientist,Schiphol
Junior Data Scientist (P),Amstelveen
Junior Consultant Data Science,Leusden
Junior Data Scientist,Boxmeer
Data Scientist,Deventer
Junior Consultant Data Science,Amsterdam
Data Scientist,Amstelveen
Data Scientist (J1017-1315),Rotterdam
Advanced Data Analyst / Data Scientist,Rotterdam
Data Scientist,Houten
Ervaren datagedreven Onderzoeker/Data Scientist,Lelystad
Traineeship Data Science & Innovation,Utrecht
Data Scientist gezocht,Utrecht
Data Scientist,Amstelveen
Data science – FinTech,Amsterdam
Data Analist / Scientist,Groningen
Data Scientist,Utrecht
Data Scientist,Utrecht
Data Scientist,Utrecht
Data Scientist,Utrecht
Data Scientist | Overheid | 3+ maanden,Utrecht
Junior BI consultant / Data scientist,Amsterdam
Scientist II,Hilversum
Graduation Project Data Science,Soesterberg
Data Scientist,Randstad
Wo Afstudeerstage Data Scientist,Amersfoort
Data Scientist / Analist,Rotterdam
Ervaren Consultant Data Science,Leusden
Data Scientist,Amsterdam
Forensisch data scientist,Den Haag
NL - Junior/Senior Data Scientist / Strategy Analyst,Utrecht
Data Scientist,Amsterdam Zuid
Product Data Scientist,Rotterdam
STAGE DATA SCIENCE,Amsterdam Nieuw-West
Data Scientist,Breda
Mergers and acquisitions M&A Data Scientist,Nederland
Data Analyst - Marketing,Amsterdam
Data Scientist,Rijswijk
Data scientist,Zoetermeer
Data Scientist,Hoofddorp
Mid-level Data Scientist,Amsterdam
Data Scientist,Amsterdam
Data Scientist BI,Amsterdam
Data scientist,Amsterdam
Data Analist / Scientist,Waalwijk
Data Scientist (Wheel of Knowledge),Apeldoorn
Data Scientist,Arnhem
Data Scientist,Delft
Data Scientist - Data Analist - Master Data,Zoetermeer
Data Scientist,Delft
Data Scientist,Delft
Data Scientist,Rijswijk
Manufacturing Data Scientist - McKinsey Analytics,Amsterdam
Data Scientist - McKinsey Analytics,Amsterdam
Pragmatic Data Scientist,Amsterdam
Data Scientist,Amsterdam
Data Scientist,Amsterdam
Data Scientist,Amsterdam
Data Scientist Conversie Optimalisatie,Amsterdam
Data Scientist,Amsterdam
Big Data Scientist.,Amsterdam
Data Scientist,Amsterdam
Data Scientist,Amsterdam Zuid
Data Scientist,Amsterdam
Data Scientist,Amsterdam
DATA SCIENTIST,Amsterdam Nieuw-West
Junior/Medior Data Scientist | Reclame & Marketing | Den Bosch,Den Bosch
6 Data Scientists (jr/mr/sr)– Telecom,Den Haag
ONGELOOFLIJK GEMOTIVEERDE DATA SCIENTIST,Driebergen-Rijsenburg
Internship Machine Learning,Zaandam
Internship Machine Learning,Zaandam
Trainee Data Science & A.I.,Amsterdam
Data Scientists,Amsterdam
Data Scientist,Nieuwegein
Data Scientist,Tilburg
Stage alert voor een Data & Insights student!,Rotterdam
Data Scientist (Apeldoorn),Apeldoorn
"Data Scientist, Eindhoven",Eindhoven
Data Scientist,Gorinchem
Data Architect - McKinsey Analytics,Amsterdam
Data Scientist,Eindhoven
Data Scientist,Eindhoven
Traineeship Data Science & Innovation,Utrecht
Data Scientist Finance Risk,Amsterdam
Data Scientist - Marketing Analytics,Amsterdam
Data Scientist,Laren
"Graduate Data Scientist Consultant - Amsterdam, Netherlands",Den Haag
Scientific Programmer,Rotterdam
Business Intelligence & Analytics Data Processing Specialist - ITD Europe,Eindhoven
Data Science Programmer (HBO),Utrecht
Big Data Engineer,Zwolle
Data Champion,Arnhem
Junior data warehouse specialist,Maassluis
Data Scientist HR Analytics,Zaandam
Data Scientist - Media Strategy,Rotterdam
Research-oriented Post Doc with a PhD in Computer Sciences,Amsterdam
Junior Predictive Analytics Consultant,Amsterdam Zuid
Data Scientist Kruidvat,Renswoude
Data Scientist HR Analytics,Zaandam
Senior Data Scientist,Nederland
Data Engineer,Nederland
Data engineer,Nederland
Graduate Specialist Program – Maintenance Data Scientist (traineeship),Boxtel
Data Analist Energie,Utrecht
Junior Data Scientist bij Anchormen,Amsterdam
Junior Data Scientist bij Totta Data Lab,Amsterdam-Zuidoost
Stagiair Data Scientist,Gouda
Data Scientist Energietransitie,Groningen
Student Internship Searchable seismic data store,Rotterdam
Student Internship Data Respository,Rotterdam
Data analist (m/v),"Helpman-Oost, Villabuurt & Coendersborg"
Data Scientist m/v Utrecht,Utrecht
Database Specialist / Jr Data Scientist,Doetinchem
Data Analist,Zaandam
Sr Data Scientist,Amsterdam
Sr Data Scientist,Amsterdam
Office Manager,Nederland
Quantitative Analyst,Amsterdam
Business Intelligence Consultant,Nijmegen
"Senior Consultant, Data Scientist",Den Haag
Data Scientist - Media Planning,Rotterdam
Stage Data Analist / Business Intelligence,Groningen
Sr Marketing Data Analyst,Amsterdam
Data Scientist – Internet – Amsterdam (Dutch Speaking),Amsterdam
Stage: Computer Vision & Data Science Internship,Haarlem
Data Scientist / Software Developer,Den Haag
DATA SCIENTIST- UTRECHT,Utrecht
Machine learning in de database,Veenendaal
WO Data Scientist en eindeloos Big Data verzamelen!,Eindhoven
"Data Scientist - Ingenuity, McKinsey Solutions",Amsterdam
Scientist Traffic Modelling,Den Haag
SQL Developer / Data Engineer,Hilversum
Senior Data Scientist,Schiphol
Product Owner Data Science,Amsterdam
Dialoogmarketeer Klantwaarde en retentie,Nederland
Researcher VISAGE project,Den Haag
Team Lead Data Science,Amsterdam
Data Scientist,Den Bosch
Junior Big Data Engineer,Amstelveen
Business Intelligence Analyst,Amsterdam
Junior Digital Designer,Nederland
Data Scientist,Rotterdam
Field Application Scientist,Nederland
Field Application Scientist - (Arrays),Nederland
Data Engineer,Amsterdam
Data Scientist,Utrecht
Lead Data Scientist (Banking & Insurance),Amsterdam
Business Intelligence Specialist,Amsterdam
DATA SCIENTIST- CONSUMER GOODS,Utrecht
"Research Technician, Bioanalysis",Utrecht
Applied Research Scientist – IoT – Eindhoven,Eindhoven
Senior Data Scientist,Rotterdam
Data Engineer,Amstelveen
Data Engineer,Rotterdam Pernis
Junior Data Scientist,Utrecht
Marketing Analyst,Amsterdam
Senior Analytical Scientist Generics R&D,Haarlem
Senior CRM Data Scientist,Utrecht
Medior/ Senior Data Scientist | Telecommunication,Utrecht
Senior CRM Data Scientist,Utrecht
Senior CRM Data Scientist,Utrecht
Manager Forensic Data Analytics,Amsterdam
Senior Data Scientist,Rotterdam
Senior Data Scientist (Freelance),Amsterdam
Data Analist/Scientist,Amersfoort
Starter program,Amsterdam
Business Intelligence Specialist 2/3,Amsterdam
"Director Data Analytics CIPS, PwC Consulting",Amsterdam
Senior Data Scientist,Amsterdam
Senior Data Scientist,Amsterdam
Data/Informatie Engineer Modellering,Amstelveen
Data Engineer,Amsterdam
Permanent | Senior Data Scientist | Rotterdam,Rotterdam
DATA SCIENTIST- ENERGY,Amsterdam
Data Scientist – Energie – Rotterdam,Rotterdam
Senior Data Scientist | EMEA,Den Haag
Senior Data Scientist,Rijswijk
Senior Data Scientist,Rijswijk
Senior Data Scientist,Bergen op Zoom
Junior Data Scientist,Amsterdam
Senior Data Scientist,Amsterdam
Senior Data Scientist,Amsterdam
Senior Data Scientist,Amsterdam
Senior Data Scientist,Diemen
Big Data Systems Administrator,Amsterdam
Senior Scientist,Den Haag
Senior Scientist,Den Haag
Data Engineer,Amsterdam
Data Engineer,Diemen
Junior Front-end Developer,Nederland
Big Data Engineer/ Data Scientist,Halfweg
Advanced Analytics Consultant (Medior/Senior) (J1117-2078),Utrecht
Data Engineer - Digital McKinsey,Amsterdam
Junior Consultant Industrial Automation,Amsterdam
"Data Scientist - R, Python, Machine Learning, Amsterdam",Amsterdam
Data Engineer,De Lier
Bioinformaticus,Wageningen
"Data Scientist bij o.a. Philips, Campina en Heineken",Houten
Senior Data Scientist,Waardenburg
Junior Big Data Engineer (P),Eindhoven
Medior/Senior Data Scientist – Consultancy,Amsterdam
Senior Data Scientist – Intelligente Apps,Amsterdam
Interim Senior Data Scientist – Publisher,Amsterdam
Data Analist,Amsterdam
Team Lead Big Data/applied Data science,Amsterdam
DATA SCIENTIST- TELECOMMUNICATIONS,Eindhoven
Jr. Partner Researcher,Amsterdam
Senior Data Scientist,Boxmeer
PhD or post doc position ‘SmartResilience’,Wageningen
Senior Machine Learning Scientist,Amsterdam
Data Engineer,Delft
Assistant Scientist Molecular Biology (Technician),Leiden
Data Scientist - Randstad Groep Nederland - Diemen,Diemen
Data Scientist,Diemen
Data Scientist - Randstad Groep Nederland - Diemen,Diemen
Data scientist Pakketmarkt,Rotterdam
A.I. Specialist,Amsterdam
Data Science Consultant - Smarter City,Amsterdam
Trainee Big Data Engineering,Amsterdam
Big Data Engineer,Amstelveen
Business Analist Forecasting,Rotterdam
Web Analyst,Amsterdam
Data Scientist,Amsterdam
Data Scientist,Amsterdam
Data Scientist,Amsterdam
Junior Data Scientist bij Kentivo,Utrecht
Managing Data Science Consultant,Amsterdam
Junior Data Scientist Planning & Forecasting bij EyeOn,Amsterdam Centrum
Analytical Chemist,Oldenzaal
IT Internship - Artificial Intelligence: Shape your own assignment,Amsterdam
Bioinformatician,Wageningen
Ecotoxicologist,Den Haag
Data Engineer Client Analytics,Amsterdam
Big Data Engineer,Rotterdam
Data Scientist,Nieuwegein
Senior Data Scientist – Financial institute – Amsterdam,Amsterdam
MARKETING INTELLIGENCE ANALIST,Nieuwegein
Data Scientist Planning and Forecasting,Aarle-Rixtel
Sr Data Scientist,Amsterdam
Data Scientist | Amsterdam | Vastgoed | 2.000 - 3.500,Amsterdam Oost
Business Analist,Amsterdam
Data Platform Engineer,Amsterdam
Postdoctoral researcher in systems neuroscience,Amsterdam
Postdoctoral researcher in systems neuroscience,Amsterdam Centrum
Data Scientist Marketing,Rotterdam
Data Scientist - Marketing,Amsterdam
Big Data Engineer,Amsterdam
Ambitious Data Scientist,Utrecht
Data Scientist/Consultant,Rotterdam
Plastics Molding Specialist (Scientist GAPT Technology),Bergen op Zoom
Dialoogmarketeer Klantwaarde en retentie,Amsterdam
Scientist Target Evaluation - Leiden,Leiden
Data Scientist,Amsterdam
Senior PI Consultant (Data scientist) (J1117-2077),Rotterdam
Teamlead Data Science,Amsterdam
Freelance Photographer,Houten
Research technician / scientist for microscopy and image analysis,Amsterdam Zuid
Big Data Engineer – Broadcast Media – Hilversum,Hilversum
Analytics/BI/EPM Consultant,Naarden
Junior/Medior Data Science Consultant,Gouda
Product Data Scientist,Rotterdam
Big Data Engineer,Rijswijk
Big Data Engineer,Amsterdam
Big Data Engineer,Amsterdam
Big Data Engineer,Amsterdam
Big Data Engineer | 6-12 months | 3x,Amsterdam
Tech Lead Data Science,Rotterdam
NLP Scientist,Amsterdam
Scientist Bioassays,Amsterdam
Data Scientist,Rotterdam
Data Scientist Biotechnology,Rotterdam
Big Data-Scientist met positieve energie,Rotterdam
Data Scientist,Amsterdam
Data Scientist Consultant,Rotterdam
Scientist (Swine),Leiden
Scientist,Leiden
Field Application Scientist,Rijswijk
Digital Product Designer,Leusden
NLP Scientist,Amsterdam
Knowledge Graph Scientist,Amsterdam
Data Scientist Free Data,Rotterdam
Data Analist,Den Haag
Consultant Data Scientist,Amersfoort
"Data Engineer (Datalab, Python, Java / Scala, ETL, AWS)",Hoofddorp
Backend Go developer,Amsterdam
User Researcher,Amsterdam
Research technician - laboratorium analist,Nijmegen
Consultant Data Science,Amsterdam
Data Scientist,Arnhem
DATA SCIENTIST,Barendrecht
Senior scientist sensortechnologie,Utrecht
Senior geodata-scientist,Utrecht
Hoogwaardige Data-Science projecten! Met goede voorwaarden,Utrecht
Data Scientist,Amsterdam
Junior Big Data Engineer at Anchormen,Amsterdam
Senior Research Scientist | IoT | Eindhoven,Eindhoven
Data Scientist,Rijswijk
Data Scientist,Delft
QC Specialist,Amsterdam
Data Scientist,Amsterdam
Data Scientist,Amsterdam
"CDP2 Analytics, IoT Data Scientist",Amsterdam
Data Scientist,Amsterdam
Data Scientist GST,Amsterdam
Data Scientist,Amsterdam
NLP Specialist,Amsterdam
Senior SEA Consultant,Nederland
Full-stack ontwikkelaar,Amsterdam
Kentivo - Trainee Data Scientist,Utrecht
Data Scientist met Blockchain,Utrecht
Big Data Scientist,Nieuwegein
Big Data Scientist - Nieuwegein,Nieuwegein
Communicative Data Scientist,Den Bosch
Data Scientist - Image Processing,Eindhoven
Data Scientist,Nijmegen
High performance Computing Product Architect,Den Bosch
Data Scientist,Nieuwegein
Industry Consultant Telco,Amsterdam
Machine Learning,Arnhem
"Data Scientist, opleiding verzorgd door Sillicon Valley",Rotterdam
Young Excellence Program Data Scientist,Almere
Senior Scientist Vaccine Generation,Leiden
Assistant professor Video Understanding,Amsterdam Centrum
eBay Classifieds Amsterdam Software Development Opportunities,Amsterdam
Managing Consultant - Magellan,Putten
Scientist Clinical Immunology,Leiden
Salesforce Marketing Cloud Expert,Nederland
Data Analytics Consultant,Amsterdam
Big Data Engineer (Traineeship),Utrecht
STAGE: Data Scientist Internship at Dynasource,Amsterdam
Tech Witch/Data scientist at Kentivo,Utrecht
Data modeler,Den Haag
Post-doc: Biophysics of Eukaryotic Replication (TNWBN16-019),Delft
Consultant IT & Digital Assurance,Rotterdam
Zwarte band Data Scientist,Zoetermeer
Product Owner Marketing,Amsterdam
Data Science Consultant,Tilburg
Senior Back-End Developer,Amsterdam
Scala Developer - Machine learning platform - €65K,Amsterdam
Sr. Software Engineer,Nijmegen
Sr Data Scientist - Mobility,Utrecht
Senior Bioinformatician for NGS analysis and tool development,Utrecht
Data Modeler,Den Haag
Contract management & Claim Data Analyst,Almere
Boer zoekt Data Scientist!,Elst
Senior Python Programmer,Rotterdam
Projectmanager - Onderzoeker kwalitatief onderzoek,Amsterdam
Marketing Intern,Rotterdam
Medior Data Scientist | Online Marketing Bureau,Amsterdam
Data Scientist en de waarde laten zien van Data!,Arnhem
Senior Medewerker Productieontwikkeling,Den Haag
LEAD DATA SCIENTIST- BIG4,Amsterdam
Vacancy Bioinformatics Scientist | Bayer | Nunhem | Fulltime,Nunhem
Search Quality Analyst,Amsterdam
Associate - Public Sector,Amsterdam
Lead Data Scientist,Rotterdam
Sr. Associate Scientist USP,Leiden
Scala Developer - Machine learning system - €65K,Amsterdam
ervaren USP scientist (>5 jaar bioreactor ervaring) locatie Oss,Oss
Junior analytische business consultant,Zeist
Business Developer,Amsterdam Centrum
Senior SAP Data Scientist,Nederland
"PhD Student ""Closing the regional sea-level budget in the satellite era""",Nederland
Lead Data Scientist,Hoofddorp
Lead Marketing Analyst,Amsterdam
Trainee Analytics,Arnhem
Back-end Python Developer,Delft
Manager EMEAI Transportation,Nederland
Business Associate m/f,Leiden
BI Architect,Scheveningen
Research Associate Biochemical Analysis,Utrecht Binnenstad
"Innovation Project Leader, Data science (Yacht Life Sciences)",Amsterdam Centrum
Lead Data Scientist,Amsterdam
Lead Data Scientist,Amsterdam
Data Scientist met uitstekende Python kennis?,Utrecht
Junior Data Scientist,Utrecht
System Engineer Analytics,Utrecht
Fellow,Amsterdam
PhD candidate | Redefining Alzheimer’s disease,Amsterdam Zuid
PhD or Post-doc: Mitigation of River Bed Degradation (CITG18-04),Delft
Back-end Python Developer,Delft
Research Associate Screening and Assay Technologies,Utrecht Binnenstad
Junior Account Manager,Houten
Digital R&D Data Science Leader,Utrecht
Senior Data Scientist Bij Albert Heijn Datakitchen,Zaandam
Utrecht | Data Scientist | Software Tech,Hilversum
LEAD DATA SCIENTIST,Rotterdam
Account Manager,Houten
DQA Officer,Leiden
"Data Science Software Developer, ga jij de diepte in?",Doetinchem
Regulatory Residue chemistry expert,Den Bosch
Group Leader / Associate Director (m/f) - Complex Cell Biology,Leiden
Data Scientist | Tech startup | Amsterdam,Amsterdam
Principal Scientist Preclinical Viral Vaccines,Leiden
"Analytics Consultant, Petroleum Asset Excellence, New Ventures",Amsterdam
Vacature Big Data Scientist,Rotterdam
b2b insight manager,Amsterdam
Ervaren Data Scientist met veel eigen inbreng gezocht,Veenendaal
Quality and Development Manager Data Science,Aarle-Rixtel
Senior geodata-scientist,Utrecht Binnenstad
Salesforce Developer bij het Wereld Natuur Fonds,Zeist
Data Scientist met sterk analytisch vermogen,Utrecht
Data Scientist Marketing Intelligence met coding skills!,Utrecht
Application Engineer,Veldhoven
Big Data Engineer (medior/senior),Zwolle
Interne functie als Data Scientist,Utrecht Binnenstad
Young Professional Program,Woerden
Hybrid Mobile Developer,Amsterdam
Lead Data Scientist - Mobility,Amsterdam
DevOps Engineer,Amstelveen
(Sr.) Technician USP,Leiden
"Solution Delivery Manager - Strategic Planning, New Ventures",Amsterdam
Postdoctoral Fellowship in Astronomy,Groningen
Customer Data & Reporting Specialist (Data Scientist),Middelburg
Senior Developer,Nederland
"OHRA Manager/teamleider Product, Pricing en Intelligence",Arnhem
Detector Architect - Image Acquisition and Detection,Eindhoven
Data-Analist bij financiële dienstverlener,Heerhugowaard
Senior Social Media Marketeer,Amsterdam
"Monitoring Engineer (Elasticsearch, Zabbix, Appdynamics)",Amsterdam
Research Scientist,Oosterhout
Clinical Research Spec,Maastricht
Young Professional,Zeist
UChoose | Data Scientist,Rotterdam
Data Scientist bij toonaangevende consultancy,Den Haag Leidschenveen-Ypenburg
UX Designer,Amsterdam
Datascientist,Utrecht
iOS Android Developer,Eindhoven
Back-End Developer,Amsterdam
HR Lead,Rotterdam
Traineeship Data Science bij toonaangevende consultancy,Amsterdam Centrum
Teamleader IT Operations/Services,Eindhoven
Lead Data Scientist,Amsterdam
Data Scientist - Amsterdam,Amsterdam
Gemotiveerde Data Scientist,Driebergen
Scientific Software Engineer C++,Den Haag
Lead Data Science Consultant,Amsterdam
DEVOPS ENGINEER,Amsterdam
Junior analytical scientist microbiology,Leiden
Scientist Bioinformatics - Leiden,Leiden
BI Team Lead,Den Haag
Data Scientist Randstad Groep IT - Diemen,Diemen
Data Scientist Randstad Groep IT,Diemen
Data Scientist Randstad Groep IT - Diemen,Diemen
DIRECTOR DATA SCIENCE- DIGITAL,Amsterdam
Postdoc,Rotterdam
Young IT-professional,Den Haag
Data Engineer,Utrecht
Product Operations Coordinator,Amsterdam
Pricing Development Manager,Schiphol
Head of Customer Intelligence & CRM,Amsterdam
"WO Data Scientist R, SQL, Python",Utrecht
Senior Big Data Scientist,Amsterdam
Medior Data scientist bij TopBI,Rijswijk
Stage alert voor een Econometrie student!,Rotterdam
Medior Data Scientist bij Totta Data Lab,Amsterdam-Zuidoost
Data Engineer,Rotterdam
Sr Clinical Research Specialist,Maastricht
PhD position in Advanced MRI of Sickle Cell Disease,Amsterdam
PhD position optical tissue recognition in oncology,Amsterdam Nieuw-West
Senior Data Scientist,Amsterdam
Manager Data Science,Amsterdam
Business analist / Data scientist en werken met de nieuwste technieken?,Amsterdam Centrum
Senior Data Scientist,Amsterdam
Medior Data Scientist bij Axians,Zaltbommel
SENIOR DATA SCIENTIST,Amsterdam
Senior Data Scientist,Amsterdam
PhD position in the SmartOne KPN-TU/e Flagship in the DLCE project,Eindhoven
Assoc/Asst Professor department Cognitive Robotics (3ME18-12),Delft
"Manager Analytics (Energy, Resources and Manufacturing Industry)",Amsterdam
Data Engineer,Rijswijk
Senior Business Intellingence / Marketing Intelligence specialist,Hilversum
Software Engineer,Eindhoven
Data Engineer,Amsterdam
Software Engineer,Eindhoven
Software Engineer,Eindhoven
Data Scientist predictive software voor klanten bouwen!,Den Bosch
Cloud/DevOps Engineer,Leiden
Assistant Scientist Release & Stability,Leiden
IT-traineeship tot junior Business Intelligence/Big Data Professional,Utrecht Binnenstad
Frontend Developer,Amsterdam
Assistant Scientist Quality Control,Leiden
Senior Data Scientist - Payments,Amsterdam
Veelzijdige Data Scientist,Heerlen
Full Professor of Healthy Dairy Farming,Utrecht
HPC Product Architect for Software Analytics,Veldhoven
Medior Data Engineer bij SciSports Amersfoort,Amersfoort
Senior Data Scientist,Arnhem
Stage HBO Communicatie,Amsterdam
Big Data Engineer,Rotterdam
Young Professional Data & Analytics,Rotterdam
Office manager,Amsterdam
Data Scientist die maatschappelijk bezig is,Utrecht
DATA SCIENTIST- IT ROTTERDAM,Rotterdam
"Big DataScientists, BigData Engineers en BigData Architecten",Utrecht
Data- Analist/Scientist met werkervaring! New York Stijl!,Rotterdam
Medior Big Data Engineer at Anchormen,Amsterdam
Data Engineer (Interim),Utrecht
Senior Data Scientist,Eindhoven
PhD student on Predictive Monitoring,Eindhoven
PhD student Metabolic resilience in overweight individuals,Eindhoven
Assistant Scientist/Technician,Leiden
Maintenance Engineer/ Technisch Analist,Den Bosch
RT-C/SCI-MT/00145 Configuration Management Officer,Noordwijk-Binnen
"Senior Product Manager, Web Platform",Amsterdam
DevOps Architect Big Data,Nieuwegein
Big data software Engineer,Utrecht
Data Scientist,Amsterdam
Techlead / Senior Developer,Rotterdam
"Data Scientist, bijt je vast in BIG Data",Voorburg
Data Scientist | Amsterdam | Big Data | 2.900 - 4.300,Amsterdam
Security bedrijf zoekt Data Scientist!,Wageningen
Think Big Principal Engineer,Amsterdam
"Marketing Intelligence Analist (starter, 0 - max 1 jr)",Nieuwegein
Scientist Process Development,Leiden
Database Engineer,Nieuwegein
Big Data,Utrecht
DBC-adviseur / relatiemanager,Amsterdam
Senior Engineer Big Data Technology,Amstelveen
System Engineer Flow Batteries,Arnhem
CVA Data Scientist or Business Analyst for Consumer Products & Retail sector,Nederland
Software Engineer Customer Intelligence team,Delft
UChoose | Data Scientist Senior,Heerlen
Software Engineering Lead,Amsterdam
Software Development Manager,Amsterdam
Assistant Scientist Clinical Immunology,Leiden
Microsoft Business Intelligence Consultant (Senior),Utrecht
Recruiter Risa IT,Den Haag
Het Young Professional Programme IT - voor ambitieuze IT-starters!,Utrecht
Regulatory Ecotoxicology expert for Agrochemicals,Den Bosch
"Senior Solutions Consultant – Decisioning, Marketing & AI",Amsterdam
"Data Scientist, functie voor gevorderden",Duiven
The Young Professional Programme IT – for ambitious recent IT graduates,Utrecht
Data-engineer bij Kijkwijzer,Baarn
Senior Front-end Developer,Nederland
System Engineer Analytics,Utrecht
Coordinating Senior Technician Analytical / Biochemistry,Leiden
Junior front-end developer bij Owlin!,Amsterdam
Data Engineer BIG DATA,Arnhem
End to End Simulation and System Engineer,Noordwijk-Binnen
Director Marketing - Meta Search,Amsterdam
Configuration and Documentation Management Officer,Noordwijk-Binnen
USP scientist (experienced) location Oss Netherlands,Oss
PHP ontwikkelaar,Rotterdam
Stagiair(e) Customer & Omnichannel,Amsterdam
Analytical development scientist,Leiden
Finance Advanced Analytics,Amsterdam
Zoek jij een functie als Data Scientist? Stop met zoeken!,Almere
4 Full Professors in Information and Computing Sciences,Utrecht
Data Scientist gezocht voor internationale organisatie!,Schiedam
Medior Data Scientist,Utrecht
Microbiology analytical scientist,Leiden
Predictive Analytics Consultant - Amsterdam,Amsterdam
CRM Marketeer - Randstad Groep Nederland - Amsterdam,Amsterdam-Zuidoost
AAI Technical Adviser – SURFsara – Amsterdam,Amsterdam
Medior Data Scientist Planning & Forecasting bij EyeOn,Amsterdam Centrum
Vacature Big Data Business Consultant,Rotterdam
Senior Data Engineer,Rotterdam
Senior Data Engineer,Rotterdam
Senior Data Engineer – E-commerce – Rotterdam,Rotterdam
Software Engineer Big Data,Nieuwegein
Lead Software Engineer,Amsterdam
BI Consultant Rotterdam,Rotterdam
Head Technical Development,Amsterdam
Data Engineer / Senior Data Engineer,Leusden
Walhalla voor Data Engineers,Utrecht
PhD candidate system for automated analyses of MRI,Utrecht
Medior Data Scientist - Rotterdam,Rotterdam
Junioren gezocht voor ambiteuze Data-analytics bedrijf!,Den Haag
Technician,Leiden
Data Scientist voor technisch softwarebedrijf,Helmond
Als je hier binnen komt ben je verkocht! Python Django dev.,Amersfoort
Senior Data Engineer,Amsterdam
Composition specialist Dow Chemical Terneuzen,Terneuzen
Senior Data Science Consultant,Den Haag
Vacature Big Data Architect,Rotterdam
Data Scientist Recommendation Engine,Utrecht
Medior Data Scientist bij DIKW,Nieuwegein
Lead Big Data Software Engineer,Amsterdam
Sales Consultant,Diemen
CLINICAL STUDY MANAGER – CORONARY CLINICAL,Maastricht
Medior Data Scientist / Python Developer bij MyTomorrows,Amsterdam Zuid
Senior Scientist Bioassay Development and QC,Amsterdam
Front-end developer bij SciSports Enschede,Enschede
Lead Data Scientist,Amsterdam
Permanent | Medior/Senior Big Data Engineer 3x | Utrecht,Utrecht
Lead Data Scientist,Amsterdam
Medior Tech Witch (Data scientist) bij Kentivo,Utrecht
Postdoc/Scientist (f/m),Utrecht
Front-end developer bij Owlin!,Amsterdam
"Business Course Yacht IT (Data, UX of security) Traineeship : 7 maart 2018",Amsterdam Centrum
Bioinformatics Software Engineer,Leiden
CRM Marketeer,Amsterdam-Zuidoost
Big Data Engineer (intern),Amsterdam
Senior Computational Linguist,Rijswijk
Postdoc RNA particle vaccine development for 2 years,Lelystad
Business Intelligence Manager Marketing & Sales (m/w),Heerlen
Senior Big Data Engineer,Amsterdam
Blockchain wizkid gezocht met oa. kennis van BTC en ETH!,Nijmegen
Senior associate scientist/engineer,Leiden
Front-end Developer - Amersfoort,Amersfoort
Big Data Professional,Amsterdam
Senior Data scientist bij TopBI,Rijswijk
Senior Data Scientist Planning & Forecasting bij EyeOn,Amsterdam Centrum
(Sr) Scientist (GC-MS),Tilburg
Ontwikkelaar API Management,Apeldoorn
Ontwikkelaar API Management,Apeldoorn
Senior Data Scientist bij Axians,Zaltbommel
Cloud Engineer with focus on Database and Storage solutions,Amsterdam
Senior Data Engineer bij SciSports Amersfoort,Amersfoort
Product Manager Trust & Identity Services,Amsterdam
Medior Data Scientist Marketing Mix - Amsterdam,Amsterdam
Ontwikkelaar API-management (2018-GBS-3680B),Apeldoorn
Supervisor QC Microbiology,Leiden
R&D Project manager OTC,Amsterdam
Senior Data Scientist bij Kentivo,Utrecht
Vacature Big Data Engineer,Rotterdam
Director Biology,Leiden
Senior Python Engineer,Rotterdam
Assistant Scientist USP,Leiden
Senior Software Engineer,Utrecht
Senior Process Technologist,Ede
Corporate IT Recruiter,Eindhoven
Senior Data Scientist bij DIKW,Nieuwegein
Senior/Lead Data Scientist bij Markleider,Arnhem
Senior Business Intelligence Developer (eindklant),Eindhoven
Senior Big Data Engineer at Anchormen,Amsterdam
Senior Tech Witch (Data scientist) bij Kentivo,Utrecht
Medior front-end developer bij Owlin!,Amsterdam
Lead/Senior Frontend Developer,Amsterdam
Quality and Development Manager bij EyeOn,Aarle-Rixtel
Associate Scientist Immunohistochemie / Outsourcing,Utrecht
Senior Software Engineer - Backend,Amsterdam
Data Scientist (Medior),Amsterdam
Senior Quality Engineer,Amsterdam
API Management Developer,Utrecht
Scala developer voor real-time data streaming oplossingen,Alphen aan den Rijn
Group Leader/Associate Director Complex Cell Biology,Leiden
Associate Scientist Analytical Assays,Leiden
Computer vision:Uncertainty prediction for deep learning object detection | The Hague,Den Haag
Yacht Data Traineeship voor ambitieuze junior data analist of data scientist,Eindhoven
Senior Software Engineer - Frontend,Amsterdam
Sr Lab Technician/Associate Scientist Target Discovery,Leiden
Scientist Bioinformatics,Leiden
Sr Distributed System Engineer Data Science Lab - Real-time Streaming Engine,Amsterdam
Medior Java Developer | Big Data | € 60.000,Amsterdam
Senior Data Scientist / Python Developer bij MyTomorrows,Amsterdam Zuid
"Analytics Expert - Insurance, New Ventures",Amsterdam
Full stack developer NodeJS React | 3 days remote!,Amsterdam
Senior Front-end Developer,Amsterdam
Senior Visual Designer,Nederland
BigData Engineer die functioneel programmeert,Bodegraven
Senior Big Data Engineer | up to € 75.000 + bonus,Amsterdam
Zelfstandige PHP developer gezocht,Amersfoort
Senior Python Developer,Rotterdam
Senior Datawarehouse Engineer,Rotterdam
PhD student - Treatment choices and its impact on quality of life and the cost-effectiveness of women diagnosed with low risk DCIS,Amsterdam Nieuw-West
Senior front-end developer bij Owlin!,Amsterdam
Senior Data Scientist - McKinsey Analytics,Amsterdam
Manufacturing Senior Data Scientist - McKinsey Analytics,Amsterdam
3 Tenure track positions “Assistant/Associate Professor Physical Geography”,Utrecht
Java ontwikkelaar API-management,Apeldoorn
CRM Marketeer - Randstad Groep Nederland - Amsterdam,Amsterdam-Zuidoost
BI/Big Data Traineeship met baangarantie bij Luchtvaartmaatschappij op Schiphol,Schiphol
3 PhD positions in the field of Sustainability implications of the Circular Economy,Utrecht
Uitdagende hbo/wo stage als IT recruiter bij YoungCapital Professionals,"Stadsparkwijk, Grunobuurt & Laanhuizen"
Lead Java Software Engineer Amsterdam Big Data,Amsterdam
Senior Laboratory Technician/ Associate Scientist Target Discovery & Validation - Leiden,Leiden
Postdoctoral position within Research Priority Area Personalised Communication 4,Amsterdam Centrum
"Sen/Pr Digital Transformation Consultant for Chemical, Life Science or Agriculture Industry (NL",Amsterdam
Tenure Track Assist. Prof. Optimisation & Operations Research Engineering 2 FTE,Groningen
Senior Java Backend Software Engineer | Kafka | € 80.000,Amsterdam
Senior Java Software Engineer | € 80.000 + 5%,Amsterdam
Senior Java Backend Software Engineer | up to € 80.000,Amsterdam
PhD researcher on the project “Using surveys and smartphone sensors to produce time use and travel statistics” (1.0 FTE),Utrecht
Senior Java Software Engineer | Heavy Load Systems,Amsterdam
1 PhD and 1 postdoc position on computational methods to explore and predict natural product biosynthetic diversity,Wageningen
Postdoc on Predictive Monitoring for Alarm-Limiting AlgoRithm-based Monitoring,Eindhoven
Java Developer - Machine learning system - €60K,Amsterdam
Medior Java Developer | Houten | Maven | 3.000 - 4.400,Houten
"IT-traineeship YoungCapital Professionals: Java, C#, BD/BI, Frontend of IA",Utrecht Binnenstad
Sr Java Developer | Houten | Spring | 4.300 - 5.800,Houten
Lead Java Developer wanted at a High Tech engineering firm at Utrecht!,Utrecht
"Junior Java Backend Software Engineer Amsterdam | Online Big Data Technologie | Java8, Spring Boot, SQL",Den Haag
Junior / Medior C#.NET developer gezocht voor de lancering van een platform (versie 2.0),Utrecht Binnenstad
Java Developer - Amsterdam,Amsterdam
Medior Java Software Engineer | € 60.000 + 5%,Amsterdam
Lead Developer | Java & Scala/Akka | tot € 85.000 + 10% bonus,Amsterdam
Medior Java Backend Software Engineer | tot € 60.000,Amsterdam
Scala / Java Developer,Amsterdam
Medior Java Backend Software Engineer | up to € 60.000,Amsterdam
Lead Java Software Engineer High Performance | tot € 90.000,Amsterdam
"Senior Datawarehouse Engineer | E-commerce gigant | Python, SCRUM, ETL | Salaris tot €4750,- per maand",Rotterdam
Lead Java Software Engineer | Schaalbaarheid & Performance | € 90.000 + 10%,Amsterdam
Data scientist / Business Analytics Consultant,Utrecht (provincie)
Data Scientist,Zeeland
Data Scientist Consultant – Detachering – Randstad,Zuid-Holland
Data Scientist,Utrecht (provincie)
"Clinical Research Scientist (0,9-1,0 fte)",Limburg
Data Scientist / Customer Intelligence / Zeeland,Zeeland
Junior Data Scientist / Zeeland,Zeeland
WO Graduation or Workalong Internship Predictive Analytics Team,Noord-Holland
Junior Data Scientist - duurzame energie,Noord-Holland
Data scientist,Zuid-Holland
Data Scientist (ref. 1737),Zuid-Holland
Data Analyst Corporate Real Estate Facility Services,Noord-Holland
Enthousiaste data analist voor ING Collections,Noord-Holland
WO Workalong Internship Internship Data Engineer,Noord-Holland
Data-Science trainees in Rotterdam,Zuid-Holland
Traineeship - IT April 2018,Noord-Holland
"Data Scientists, Machine Learning experts (junior tot senior level)",Noord-Holland
Data Scientist in Rotterdam,Zuid-Holland
Chapter Lead Data Science,Noord-Holland
Sr. Scrum Master - Technology & People,Zuid-Holland
Scientist Analytical Development,Zuid-Holland
Senior Data Scientist - duurzame energie,Noord-Holland
Data Engineer NPO,Noord-Holland
UX Designer @Yolt,Noord-Holland
Senior Scientist Upstream,Noord-Brabant
Senior MS & Chromatography Scientist (ref. 1699),Noord-Brabant
Research Analist (In Vivo / Artikel 9 of 12),Noord-Holland
Technician DSP - Uitzicht op een vast contract!,Noord-Holland
Senior Data Engineer – Detachering – Randstad,Zuid-Holland
Pharmacovigilance Specialist,Noord-Holland
Domain Architect Lending & Trade,Noord-Holland
Principal Scientist / Lab Head,Noord-Brabant
Senior Technician Cell Biology,Zuid-Holland
DWH developer,Noord-Holland
Senior Risk Scientist,Noord-Holland
R&D Manager – Bioanalysis,Noord-Brabant
Scientist Bio-informatics (ref. 1738),Zuid-Holland
Senior Frontend Developer snelgroeiend reizigersplatform,Noord-Brabant
Fullstack Scala Developer voor groeiend reizigersplatform,Noord-Brabant
Customer Journey Expert - Beleggen & Private banking - Wealthmanagement Expert,Noord-Holland
Java Software Engineer,Noord-Holland
